,region,mnn,img_id
0,Республика Башкортостан,МНН №1335,storage_0_0.png
1,Республика Башкортостан,МНН №1335,storage_0_0.png
2,Республика Башкортостан,МНН №4,storage_0_1.png
3,Республика Башкортостан,МНН №4,storage_0_1.png
4,Республика Башкортостан,МНН №1795,storage_0_3.png
5,Республика Башкортостан,МНН №1795,storage_0_3.png
6,Республика Башкортостан,МНН №806,storage_0_4.png
7,Республика Башкортостан,МНН №806,storage_0_4.png
8,Республика Башкортостан,МНН №720,storage_0_5.png
9,Республика Башкортостан,МНН №720,storage_0_5.png
10,Республика Башкортостан,МНН №138,storage_0_9.png
11,Республика Башкортостан,МНН №138,storage_0_9.png
12,Республика Башкортостан,МНН №178,storage_0_10.png
13,Республика Башкортостан,МНН №178,storage_0_10.png
14,Республика Башкортостан,МНН №266,storage_0_11.png
15,Республика Башкортостан,МНН №266,storage_0_11.png
16,Республика Башкортостан,МНН №269,storage_0_17.png
17,Республика Башкортостан,МНН №269,storage_0_17.png
18,Республика Башкортостан,МНН №360,storage_0_19.png
19,Республика Башкортостан,МНН №360,storage_0_19.png
20,Республика Саха (Якутия),МНН №1335,storage_1_0.png
21,Республика Саха (Якутия),МНН №1335,storage_1_0.png
22,Республика Саха (Якутия),МНН №1132,storage_1_2.png
23,Республика Саха (Якутия),МНН №1132,storage_1_2.png
24,Республика Саха (Якутия),МНН №1795,storage_1_3.png
25,Республика Саха (Якутия),МНН №1795,storage_1_3.png
26,Республика Саха (Якутия),МНН №806,storage_1_4.png
27,Республика Саха (Якутия),МНН №806,storage_1_4.png
28,Республика Саха (Якутия),МНН №720,storage_1_5.png
29,Республика Саха (Якутия),МНН №720,storage_1_5.png
30,Республика Саха (Якутия),МНН №138,storage_1_9.png
31,Республика Саха (Якутия),МНН №138,storage_1_9.png
32,Республика Саха (Якутия),МНН №178,storage_1_10.png
33,Республика Саха (Якутия),МНН №178,storage_1_10.png
34,Республика Саха (Якутия),МНН №266,storage_1_11.png
35,Республика Саха (Якутия),МНН №266,storage_1_11.png
36,Республика Саха (Якутия),МНН №2200,storage_1_16.png
37,Республика Саха (Якутия),МНН №2200,storage_1_16.png
38,Республика Саха (Якутия),МНН №269,storage_1_17.png
39,Республика Саха (Якутия),МНН №269,storage_1_17.png
40,Республика Саха (Якутия),МНН №360,storage_1_19.png
41,Республика Саха (Якутия),МНН №360,storage_1_19.png
42,Республика Северная Осетия — Алания,МНН №1335,storage_2_0.png
43,Республика Северная Осетия — Алания,МНН №1335,storage_2_0.png
44,Республика Северная Осетия — Алания,МНН №4,storage_2_1.png
45,Республика Северная Осетия — Алания,МНН №4,storage_2_1.png
46,Республика Северная Осетия — Алания,МНН №1795,storage_2_3.png
47,Республика Северная Осетия — Алания,МНН №1795,storage_2_3.png
48,Республика Северная Осетия — Алания,МНН №806,storage_2_4.png
49,Республика Северная Осетия — Алания,МНН №806,storage_2_4.png
50,Республика Северная Осетия — Алания,МНН №720,storage_2_5.png
51,Республика Северная Осетия — Алания,МНН №720,storage_2_5.png
52,Республика Северная Осетия — Алания,МНН №138,storage_2_9.png
53,Республика Северная Осетия — Алания,МНН №138,storage_2_9.png
54,Республика Северная Осетия — Алания,МНН №178,storage_2_10.png
55,Республика Северная Осетия — Алания,МНН №178,storage_2_10.png
56,Республика Северная Осетия — Алания,МНН №266,storage_2_11.png
57,Республика Северная Осетия — Алания,МНН №266,storage_2_11.png
58,Республика Северная Осетия — Алания,МНН №382,storage_2_12.png
59,Республика Северная Осетия — Алания,МНН №382,storage_2_12.png
60,Республика Северная Осетия — Алания,МНН №1207,storage_2_15.png
61,Республика Северная Осетия — Алания,МНН №1207,storage_2_15.png
62,Республика Северная Осетия — Алания,МНН №2200,storage_2_16.png
63,Республика Северная Осетия — Алания,МНН №2200,storage_2_16.png
64,Республика Северная Осетия — Алания,МНН №269,storage_2_17.png
65,Республика Северная Осетия — Алания,МНН №269,storage_2_17.png
66,Республика Северная Осетия — Алания,МНН №360,storage_2_19.png
67,Республика Северная Осетия — Алания,МНН №360,storage_2_19.png
68,Удмуртская республика,МНН №1795,storage_3_3.png
69,Удмуртская республика,МНН №1795,storage_3_3.png
70,Удмуртская республика,МНН №806,storage_3_4.png
71,Удмуртская республика,МНН №806,storage_3_4.png
72,Удмуртская республика,МНН №720,storage_3_5.png
73,Удмуртская республика,МНН №720,storage_3_5.png
74,Удмуртская республика,МНН №138,storage_3_9.png
75,Удмуртская республика,МНН №138,storage_3_9.png
76,Удмуртская республика,МНН №269,storage_3_17.png
77,Удмуртская республика,МНН №269,storage_3_17.png
78,Удмуртская республика,МНН №360,storage_3_19.png
79,Удмуртская республика,МНН №360,storage_3_19.png
80,Чеченская республика,МНН №720,storage_4_5.png
81,Чеченская республика,МНН №720,storage_4_5.png
82,Чеченская республика,МНН №138,storage_4_9.png
83,Чеченская республика,МНН №138,storage_4_9.png
84,Чеченская республика,МНН №269,storage_4_17.png
85,Чеченская республика,МНН №269,storage_4_17.png
86,Брянская область,МНН №1335,storage_5_0.png
87,Брянская область,МНН №1335,storage_5_0.png
88,Брянская область,МНН №4,storage_5_1.png
89,Брянская область,МНН №4,storage_5_1.png
90,Брянская область,МНН №1795,storage_5_3.png
91,Брянская область,МНН №1795,storage_5_3.png
92,Брянская область,МНН №806,storage_5_4.png
93,Брянская область,МНН №806,storage_5_4.png
94,Брянская область,МНН №720,storage_5_5.png
95,Брянская область,МНН №720,storage_5_5.png
96,Брянская область,МНН №138,storage_5_9.png
97,Брянская область,МНН №138,storage_5_9.png
98,Брянская область,МНН №266,storage_5_11.png
99,Брянская область,МНН №266,storage_5_11.png
100,Брянская область,МНН №382,storage_5_12.png
101,Брянская область,МНН №382,storage_5_12.png
102,Брянская область,МНН №2200,storage_5_16.png
103,Брянская область,МНН №2200,storage_5_16.png
104,Брянская область,МНН №269,storage_5_17.png
105,Брянская область,МНН №269,storage_5_17.png
106,Брянская область,МНН №360,storage_5_19.png
107,Брянская область,МНН №360,storage_5_19.png
108,Ленинградская область,МНН №1335,storage_6_0.png
109,Ленинградская область,МНН №1335,storage_6_0.png
110,Ленинградская область,МНН №4,storage_6_1.png
111,Ленинградская область,МНН №4,storage_6_1.png
112,Ленинградская область,МНН №1795,storage_6_3.png
113,Ленинградская область,МНН №1795,storage_6_3.png
114,Ленинградская область,МНН №806,storage_6_4.png
115,Ленинградская область,МНН №806,storage_6_4.png
116,Ленинградская область,МНН №720,storage_6_5.png
117,Ленинградская область,МНН №720,storage_6_5.png
118,Ленинградская область,МНН №138,storage_6_9.png
119,Ленинградская область,МНН №138,storage_6_9.png
120,Ленинградская область,МНН №178,storage_6_10.png
121,Ленинградская область,МНН №178,storage_6_10.png
122,Ленинградская область,МНН №266,storage_6_11.png
123,Ленинградская область,МНН №266,storage_6_11.png
124,Ленинградская область,МНН №382,storage_6_12.png
125,Ленинградская область,МНН №382,storage_6_12.png
126,Ленинградская область,МНН №2200,storage_6_16.png
127,Ленинградская область,МНН №2200,storage_6_16.png
128,Ленинградская область,МНН №269,storage_6_17.png
129,Ленинградская область,МНН №269,storage_6_17.png
130,Ленинградская область,МНН №360,storage_6_19.png
131,Ленинградская область,МНН №360,storage_6_19.png
132,Новосибирская область,МНН №1335,storage_7_0.png
133,Новосибирская область,МНН №1335,storage_7_0.png
134,Новосибирская область,МНН №4,storage_7_1.png
135,Новосибирская область,МНН №4,storage_7_1.png
136,Новосибирская область,МНН №1795,storage_7_3.png
137,Новосибирская область,МНН №1795,storage_7_3.png
138,Новосибирская область,МНН №806,storage_7_4.png
139,Новосибирская область,МНН №806,storage_7_4.png
140,Новосибирская область,МНН №720,storage_7_5.png
141,Новосибирская область,МНН №720,storage_7_5.png
142,Новосибирская область,МНН №178,storage_7_10.png
143,Новосибирская область,МНН №178,storage_7_10.png
144,Новосибирская область,МНН №382,storage_7_12.png
145,Новосибирская область,МНН №382,storage_7_12.png
146,Новосибирская область,МНН №1207,storage_7_15.png
147,Новосибирская область,МНН №1207,storage_7_15.png
148,Новосибирская область,МНН №2200,storage_7_16.png
149,Новосибирская область,МНН №2200,storage_7_16.png
150,Новосибирская область,МНН №269,storage_7_17.png
151,Новосибирская область,МНН №269,storage_7_17.png
152,Новосибирская область,МНН №360,storage_7_19.png
153,Новосибирская область,МНН №360,storage_7_19.png
154,Омская область,МНН №1335,storage_8_0.png
155,Омская область,МНН №1335,storage_8_0.png
156,Омская область,МНН №4,storage_8_1.png
157,Омская область,МНН №4,storage_8_1.png
158,Омская область,МНН №1795,storage_8_3.png
159,Омская область,МНН №1795,storage_8_3.png
160,Омская область,МНН №806,storage_8_4.png
161,Омская область,МНН №806,storage_8_4.png
162,Омская область,МНН №720,storage_8_5.png
163,Омская область,МНН №720,storage_8_5.png
164,Омская область,МНН №138,storage_8_9.png
165,Омская область,МНН №138,storage_8_9.png
166,Омская область,МНН №266,storage_8_11.png
167,Омская область,МНН №266,storage_8_11.png
168,Омская область,МНН №382,storage_8_12.png
169,Омская область,МНН №382,storage_8_12.png
170,Омская область,МНН №2200,storage_8_16.png
171,Омская область,МНН №2200,storage_8_16.png
172,Омская область,МНН №269,storage_8_17.png
173,Омская область,МНН №269,storage_8_17.png
174,Омская область,МНН №360,storage_8_19.png
175,Омская область,МНН №360,storage_8_19.png
176,Пензенская область,МНН №1335,storage_9_0.png
177,Пензенская область,МНН №1335,storage_9_0.png
178,Пензенская область,МНН №4,storage_9_1.png
179,Пензенская область,МНН №4,storage_9_1.png
180,Пензенская область,МНН №1795,storage_9_3.png
181,Пензенская область,МНН №1795,storage_9_3.png
182,Пензенская область,МНН №806,storage_9_4.png
183,Пензенская область,МНН №806,storage_9_4.png
184,Пензенская область,МНН №720,storage_9_5.png
185,Пензенская область,МНН №720,storage_9_5.png
186,Пензенская область,МНН №138,storage_9_9.png
187,Пензенская область,МНН №138,storage_9_9.png
188,Пензенская область,МНН №178,storage_9_10.png
189,Пензенская область,МНН №178,storage_9_10.png
190,Пензенская область,МНН №266,storage_9_11.png
191,Пензенская область,МНН №266,storage_9_11.png
192,Пензенская область,МНН №382,storage_9_12.png
193,Пензенская область,МНН №382,storage_9_12.png
194,Пензенская область,МНН №2200,storage_9_16.png
195,Пензенская область,МНН №2200,storage_9_16.png
196,Пензенская область,МНН №269,storage_9_17.png
197,Пензенская область,МНН №269,storage_9_17.png
198,Пензенская область,МНН №360,storage_9_19.png
199,Пензенская область,МНН №360,storage_9_19.png
200,Ульяновская область,МНН №1335,storage_10_0.png
201,Ульяновская область,МНН №1335,storage_10_0.png
202,Ульяновская область,МНН №4,storage_10_1.png
203,Ульяновская область,МНН №4,storage_10_1.png
204,Ульяновская область,МНН №1795,storage_10_3.png
205,Ульяновская область,МНН №1795,storage_10_3.png
206,Ульяновская область,МНН №806,storage_10_4.png
207,Ульяновская область,МНН №806,storage_10_4.png
208,Ульяновская область,МНН №720,storage_10_5.png
209,Ульяновская область,МНН №720,storage_10_5.png
210,Ульяновская область,МНН №138,storage_10_9.png
211,Ульяновская область,МНН №138,storage_10_9.png
212,Ульяновская область,МНН №266,storage_10_11.png
213,Ульяновская область,МНН №266,storage_10_11.png
214,Ульяновская область,МНН №382,storage_10_12.png
215,Ульяновская область,МНН №382,storage_10_12.png
216,Ульяновская область,МНН №269,storage_10_17.png
217,Ульяновская область,МНН №269,storage_10_17.png
218,Ульяновская область,МНН №360,storage_10_19.png
219,Ульяновская область,МНН №360,storage_10_19.png
220,Республика Крым,МНН №1335,storage_11_0.png
221,Республика Крым,МНН №1335,storage_11_0.png
222,Республика Крым,МНН №1795,storage_11_3.png
223,Республика Крым,МНН №1795,storage_11_3.png
224,Республика Крым,МНН №806,storage_11_4.png
225,Республика Крым,МНН №806,storage_11_4.png
226,Республика Крым,МНН №720,storage_11_5.png
227,Республика Крым,МНН №720,storage_11_5.png
228,Республика Крым,МНН №138,storage_11_9.png
229,Республика Крым,МНН №138,storage_11_9.png
230,Республика Крым,МНН №266,storage_11_11.png
231,Республика Крым,МНН №266,storage_11_11.png
232,Республика Крым,МНН №382,storage_11_12.png
233,Республика Крым,МНН №382,storage_11_12.png
234,Республика Крым,МНН №2200,storage_11_16.png
235,Республика Крым,МНН №2200,storage_11_16.png
236,Республика Крым,МНН №269,storage_11_17.png
237,Республика Крым,МНН №269,storage_11_17.png
238,Республика Крым,МНН №360,storage_11_19.png
239,Республика Крым,МНН №360,storage_11_19.png
240,Красноярский край,МНН №1335,storage_12_0.png
241,Красноярский край,МНН №1335,storage_12_0.png
242,Красноярский край,МНН №4,storage_12_1.png
243,Красноярский край,МНН №4,storage_12_1.png
244,Красноярский край,МНН №1795,storage_12_3.png
245,Красноярский край,МНН №1795,storage_12_3.png
246,Красноярский край,МНН №806,storage_12_4.png
247,Красноярский край,МНН №806,storage_12_4.png
248,Красноярский край,МНН №720,storage_12_5.png
249,Красноярский край,МНН №720,storage_12_5.png
250,Красноярский край,МНН №138,storage_12_9.png
251,Красноярский край,МНН №138,storage_12_9.png
252,Красноярский край,МНН №266,storage_12_11.png
253,Красноярский край,МНН №266,storage_12_11.png
254,Красноярский край,МНН №382,storage_12_12.png
255,Красноярский край,МНН №382,storage_12_12.png
256,Красноярский край,МНН №2200,storage_12_16.png
257,Красноярский край,МНН №2200,storage_12_16.png
258,Красноярский край,МНН №269,storage_12_17.png
259,Красноярский край,МНН №269,storage_12_17.png
260,Красноярский край,МНН №360,storage_12_19.png
261,Красноярский край,МНН №360,storage_12_19.png
262,Приморский край,МНН №1335,storage_13_0.png
263,Приморский край,МНН №1335,storage_13_0.png
264,Приморский край,МНН №4,storage_13_1.png
265,Приморский край,МНН №4,storage_13_1.png
266,Приморский край,МНН №1132,storage_13_2.png
267,Приморский край,МНН №1132,storage_13_2.png
268,Приморский край,МНН №1795,storage_13_3.png
269,Приморский край,МНН №1795,storage_13_3.png
270,Приморский край,МНН №806,storage_13_4.png
271,Приморский край,МНН №806,storage_13_4.png
272,Приморский край,МНН №720,storage_13_5.png
273,Приморский край,МНН №720,storage_13_5.png
274,Приморский край,МНН №138,storage_13_9.png
275,Приморский край,МНН №138,storage_13_9.png
276,Приморский край,МНН №266,storage_13_11.png
277,Приморский край,МНН №266,storage_13_11.png
278,Приморский край,МНН №382,storage_13_12.png
279,Приморский край,МНН №382,storage_13_12.png
280,Приморский край,МНН №2200,storage_13_16.png
281,Приморский край,МНН №2200,storage_13_16.png
282,Приморский край,МНН №269,storage_13_17.png
283,Приморский край,МНН №269,storage_13_17.png
284,Приморский край,МНН №360,storage_13_19.png
285,Приморский край,МНН №360,storage_13_19.png
286,Амурская область,МНН №1335,storage_14_0.png
287,Амурская область,МНН №1335,storage_14_0.png
288,Амурская область,МНН №1132,storage_14_2.png
289,Амурская область,МНН №1132,storage_14_2.png
290,Амурская область,МНН №1795,storage_14_3.png
291,Амурская область,МНН №1795,storage_14_3.png
292,Амурская область,МНН №806,storage_14_4.png
293,Амурская область,МНН №806,storage_14_4.png
294,Амурская область,МНН №720,storage_14_5.png
295,Амурская область,МНН №720,storage_14_5.png
296,Амурская область,МНН №138,storage_14_9.png
297,Амурская область,МНН №138,storage_14_9.png
298,Амурская область,МНН №266,storage_14_11.png
299,Амурская область,МНН №266,storage_14_11.png
300,Амурская область,МНН №382,storage_14_12.png
301,Амурская область,МНН №382,storage_14_12.png
302,Амурская область,МНН №2200,storage_14_16.png
303,Амурская область,МНН №2200,storage_14_16.png
304,Амурская область,МНН №269,storage_14_17.png
305,Амурская область,МНН №269,storage_14_17.png
306,Амурская область,МНН №360,storage_14_19.png
307,Амурская область,МНН №360,storage_14_19.png
308,Калужская область,МНН №1335,storage_15_0.png
309,Калужская область,МНН №1335,storage_15_0.png
310,Калужская область,МНН №4,storage_15_1.png
311,Калужская область,МНН №4,storage_15_1.png
312,Калужская область,МНН №1132,storage_15_2.png
313,Калужская область,МНН №1132,storage_15_2.png
314,Калужская область,МНН №1795,storage_15_3.png
315,Калужская область,МНН №1795,storage_15_3.png
316,Калужская область,МНН №806,storage_15_4.png
317,Калужская область,МНН №806,storage_15_4.png
318,Калужская область,МНН №720,storage_15_5.png
319,Калужская область,МНН №720,storage_15_5.png
320,Калужская область,МНН №1532,storage_15_6.png
321,Калужская область,МНН №1532,storage_15_6.png
322,Калужская область,МНН №138,storage_15_9.png
323,Калужская область,МНН №138,storage_15_9.png
324,Калужская область,МНН №178,storage_15_10.png
325,Калужская область,МНН №178,storage_15_10.png
326,Калужская область,МНН №266,storage_15_11.png
327,Калужская область,МНН №266,storage_15_11.png
328,Калужская область,МНН №382,storage_15_12.png
329,Калужская область,МНН №382,storage_15_12.png
330,Калужская область,МНН №2200,storage_15_16.png
331,Калужская область,МНН №2200,storage_15_16.png
332,Калужская область,МНН №269,storage_15_17.png
333,Калужская область,МНН №269,storage_15_17.png
334,Калужская область,МНН №360,storage_15_19.png
335,Калужская область,МНН №360,storage_15_19.png
336,Кемеровская область,МНН №1335,storage_16_0.png
337,Кемеровская область,МНН №1335,storage_16_0.png
338,Кемеровская область,МНН №4,storage_16_1.png
339,Кемеровская область,МНН №4,storage_16_1.png
340,Кемеровская область,МНН №1795,storage_16_3.png
341,Кемеровская область,МНН №1795,storage_16_3.png
342,Кемеровская область,МНН №806,storage_16_4.png
343,Кемеровская область,МНН №806,storage_16_4.png
344,Кемеровская область,МНН №720,storage_16_5.png
345,Кемеровская область,МНН №720,storage_16_5.png
346,Кемеровская область,МНН №138,storage_16_9.png
347,Кемеровская область,МНН №138,storage_16_9.png
348,Кемеровская область,МНН №266,storage_16_11.png
349,Кемеровская область,МНН №266,storage_16_11.png
350,Кемеровская область,МНН №382,storage_16_12.png
351,Кемеровская область,МНН №382,storage_16_12.png
352,Кемеровская область,МНН №2200,storage_16_16.png
353,Кемеровская область,МНН №2200,storage_16_16.png
354,Кемеровская область,МНН №269,storage_16_17.png
355,Кемеровская область,МНН №269,storage_16_17.png
356,Кемеровская область,МНН №360,storage_16_19.png
357,Кемеровская область,МНН №360,storage_16_19.png
358,Ростовская область,МНН №1335,storage_17_0.png
359,Ростовская область,МНН №1335,storage_17_0.png
360,Ростовская область,МНН №4,storage_17_1.png
361,Ростовская область,МНН №4,storage_17_1.png
362,Ростовская область,МНН №1132,storage_17_2.png
363,Ростовская область,МНН №1132,storage_17_2.png
364,Ростовская область,МНН №1795,storage_17_3.png
365,Ростовская область,МНН №1795,storage_17_3.png
366,Ростовская область,МНН №806,storage_17_4.png
367,Ростовская область,МНН №806,storage_17_4.png
368,Ростовская область,МНН №720,storage_17_5.png
369,Ростовская область,МНН №720,storage_17_5.png
370,Ростовская область,МНН №138,storage_17_9.png
371,Ростовская область,МНН №138,storage_17_9.png
372,Ростовская область,МНН №178,storage_17_10.png
373,Ростовская область,МНН №178,storage_17_10.png
374,Ростовская область,МНН №266,storage_17_11.png
375,Ростовская область,МНН №266,storage_17_11.png
376,Ростовская область,МНН №382,storage_17_12.png
377,Ростовская область,МНН №382,storage_17_12.png
378,Ростовская область,МНН №1207,storage_17_15.png
379,Ростовская область,МНН №1207,storage_17_15.png
380,Ростовская область,МНН №2200,storage_17_16.png
381,Ростовская область,МНН №2200,storage_17_16.png
382,Ростовская область,МНН №269,storage_17_17.png
383,Ростовская область,МНН №269,storage_17_17.png
384,Ростовская область,МНН №360,storage_17_19.png
385,Ростовская область,МНН №360,storage_17_19.png
386,Челябинская область,МНН №1335,storage_18_0.png
387,Челябинская область,МНН №1335,storage_18_0.png
388,Челябинская область,МНН №4,storage_18_1.png
389,Челябинская область,МНН №4,storage_18_1.png
390,Челябинская область,МНН №1795,storage_18_3.png
391,Челябинская область,МНН №1795,storage_18_3.png
392,Челябинская область,МНН №806,storage_18_4.png
393,Челябинская область,МНН №806,storage_18_4.png
394,Челябинская область,МНН №720,storage_18_5.png
395,Челябинская область,МНН №720,storage_18_5.png
396,Челябинская область,МНН №138,storage_18_9.png
397,Челябинская область,МНН №138,storage_18_9.png
398,Челябинская область,МНН №178,storage_18_10.png
399,Челябинская область,МНН №178,storage_18_10.png
400,Челябинская область,МНН №266,storage_18_11.png
401,Челябинская область,МНН №266,storage_18_11.png
402,Челябинская область,МНН №382,storage_18_12.png
403,Челябинская область,МНН №382,storage_18_12.png
404,Челябинская область,МНН №2200,storage_18_16.png
405,Челябинская область,МНН №2200,storage_18_16.png
406,Челябинская область,МНН №269,storage_18_17.png
407,Челябинская область,МНН №269,storage_18_17.png
408,Челябинская область,МНН №360,storage_18_19.png
409,Челябинская область,МНН №360,storage_18_19.png
410,Забайкальский край,МНН №1335,storage_19_0.png
411,Забайкальский край,МНН №1335,storage_19_0.png
412,Забайкальский край,МНН №4,storage_19_1.png
413,Забайкальский край,МНН №4,storage_19_1.png
414,Забайкальский край,МНН №1795,storage_19_3.png
415,Забайкальский край,МНН №1795,storage_19_3.png
416,Забайкальский край,МНН №806,storage_19_4.png
417,Забайкальский край,МНН №806,storage_19_4.png
418,Забайкальский край,МНН №720,storage_19_5.png
419,Забайкальский край,МНН №720,storage_19_5.png
420,Забайкальский край,МНН №138,storage_19_9.png
421,Забайкальский край,МНН №138,storage_19_9.png
422,Забайкальский край,МНН №178,storage_19_10.png
423,Забайкальский край,МНН №178,storage_19_10.png
424,Забайкальский край,МНН №266,storage_19_11.png
425,Забайкальский край,МНН №266,storage_19_11.png
426,Забайкальский край,МНН №382,storage_19_12.png
427,Забайкальский край,МНН №382,storage_19_12.png
428,Забайкальский край,МНН №2200,storage_19_16.png
429,Забайкальский край,МНН №2200,storage_19_16.png
430,Забайкальский край,МНН №269,storage_19_17.png
431,Забайкальский край,МНН №269,storage_19_17.png
432,Забайкальский край,МНН №360,storage_19_19.png
433,Забайкальский край,МНН №360,storage_19_19.png
434,Санкт-Петербург,МНН №1335,storage_20_0.png
435,Санкт-Петербург,МНН №1335,storage_20_0.png
436,Санкт-Петербург,МНН №4,storage_20_1.png
437,Санкт-Петербург,МНН №4,storage_20_1.png
438,Санкт-Петербург,МНН №1132,storage_20_2.png
439,Санкт-Петербург,МНН №1132,storage_20_2.png
440,Санкт-Петербург,МНН №1795,storage_20_3.png
441,Санкт-Петербург,МНН №1795,storage_20_3.png
442,Санкт-Петербург,МНН №806,storage_20_4.png
443,Санкт-Петербург,МНН №806,storage_20_4.png
444,Санкт-Петербург,МНН №720,storage_20_5.png
445,Санкт-Петербург,МНН №720,storage_20_5.png
446,Санкт-Петербург,МНН №138,storage_20_9.png
447,Санкт-Петербург,МНН №138,storage_20_9.png
448,Санкт-Петербург,МНН №178,storage_20_10.png
449,Санкт-Петербург,МНН №178,storage_20_10.png
450,Санкт-Петербург,МНН №266,storage_20_11.png
451,Санкт-Петербург,МНН №266,storage_20_11.png
452,Санкт-Петербург,МНН №382,storage_20_12.png
453,Санкт-Петербург,МНН №382,storage_20_12.png
454,Санкт-Петербург,МНН №1207,storage_20_15.png
455,Санкт-Петербург,МНН №1207,storage_20_15.png
456,Санкт-Петербург,МНН №269,storage_20_17.png
457,Санкт-Петербург,МНН №269,storage_20_17.png
458,Санкт-Петербург,МНН №360,storage_20_19.png
459,Санкт-Петербург,МНН №360,storage_20_19.png
460,Республика Коми,МНН №1795,storage_21_3.png
461,Республика Коми,МНН №1795,storage_21_3.png
462,Республика Коми,МНН №806,storage_21_4.png
463,Республика Коми,МНН №806,storage_21_4.png
464,Республика Коми,МНН №720,storage_21_5.png
465,Республика Коми,МНН №720,storage_21_5.png
466,Республика Коми,МНН №138,storage_21_9.png
467,Республика Коми,МНН №138,storage_21_9.png
468,Республика Коми,МНН №266,storage_21_11.png
469,Республика Коми,МНН №266,storage_21_11.png
470,Республика Коми,МНН №382,storage_21_12.png
471,Республика Коми,МНН №382,storage_21_12.png
472,Республика Коми,МНН №269,storage_21_17.png
473,Республика Коми,МНН №269,storage_21_17.png
474,Республика Коми,МНН №360,storage_21_19.png
475,Республика Коми,МНН №360,storage_21_19.png
476,Краснодарский край,МНН №1335,storage_22_0.png
477,Краснодарский край,МНН №1335,storage_22_0.png
478,Краснодарский край,МНН №4,storage_22_1.png
479,Краснодарский край,МНН №4,storage_22_1.png
480,Краснодарский край,МНН №1132,storage_22_2.png
481,Краснодарский край,МНН №1132,storage_22_2.png
482,Краснодарский край,МНН №1795,storage_22_3.png
483,Краснодарский край,МНН №1795,storage_22_3.png
484,Краснодарский край,МНН №806,storage_22_4.png
485,Краснодарский край,МНН №806,storage_22_4.png
486,Краснодарский край,МНН №720,storage_22_5.png
487,Краснодарский край,МНН №720,storage_22_5.png
488,Краснодарский край,МНН №138,storage_22_9.png
489,Краснодарский край,МНН №138,storage_22_9.png
490,Краснодарский край,МНН №178,storage_22_10.png
491,Краснодарский край,МНН №178,storage_22_10.png
492,Краснодарский край,МНН №266,storage_22_11.png
493,Краснодарский край,МНН №266,storage_22_11.png
494,Краснодарский край,МНН №382,storage_22_12.png
495,Краснодарский край,МНН №382,storage_22_12.png
496,Краснодарский край,МНН №1207,storage_22_15.png
497,Краснодарский край,МНН №1207,storage_22_15.png
498,Краснодарский край,МНН №2200,storage_22_16.png
499,Краснодарский край,МНН №2200,storage_22_16.png
500,Краснодарский край,МНН №269,storage_22_17.png
501,Краснодарский край,МНН №269,storage_22_17.png
502,Краснодарский край,МНН №360,storage_22_19.png
503,Краснодарский край,МНН №360,storage_22_19.png
504,Астраханская область,МНН №1335,storage_23_0.png
505,Астраханская область,МНН №1335,storage_23_0.png
506,Астраханская область,МНН №4,storage_23_1.png
507,Астраханская область,МНН №4,storage_23_1.png
508,Астраханская область,МНН №1795,storage_23_3.png
509,Астраханская область,МНН №1795,storage_23_3.png
510,Астраханская область,МНН №806,storage_23_4.png
511,Астраханская область,МНН №806,storage_23_4.png
512,Астраханская область,МНН №720,storage_23_5.png
513,Астраханская область,МНН №720,storage_23_5.png
514,Астраханская область,МНН №138,storage_23_9.png
515,Астраханская область,МНН №138,storage_23_9.png
516,Астраханская область,МНН №266,storage_23_11.png
517,Астраханская область,МНН №266,storage_23_11.png
518,Астраханская область,МНН №382,storage_23_12.png
519,Астраханская область,МНН №382,storage_23_12.png
520,Астраханская область,МНН №269,storage_23_17.png
521,Астраханская область,МНН №269,storage_23_17.png
522,Астраханская область,МНН №360,storage_23_19.png
523,Астраханская область,МНН №360,storage_23_19.png
524,Самарская область,МНН №1335,storage_24_0.png
525,Самарская область,МНН №1335,storage_24_0.png
526,Самарская область,МНН №4,storage_24_1.png
527,Самарская область,МНН №4,storage_24_1.png
528,Самарская область,МНН №1132,storage_24_2.png
529,Самарская область,МНН №1132,storage_24_2.png
530,Самарская область,МНН №1795,storage_24_3.png
531,Самарская область,МНН №1795,storage_24_3.png
532,Самарская область,МНН №806,storage_24_4.png
533,Самарская область,МНН №806,storage_24_4.png
534,Самарская область,МНН №720,storage_24_5.png
535,Самарская область,МНН №720,storage_24_5.png
536,Самарская область,МНН №138,storage_24_9.png
537,Самарская область,МНН №138,storage_24_9.png
538,Самарская область,МНН №178,storage_24_10.png
539,Самарская область,МНН №178,storage_24_10.png
540,Самарская область,МНН №266,storage_24_11.png
541,Самарская область,МНН №266,storage_24_11.png
542,Самарская область,МНН №382,storage_24_12.png
543,Самарская область,МНН №382,storage_24_12.png
544,Самарская область,МНН №2200,storage_24_16.png
545,Самарская область,МНН №2200,storage_24_16.png
546,Самарская область,МНН №269,storage_24_17.png
547,Самарская область,МНН №269,storage_24_17.png
548,Самарская область,МНН №360,storage_24_19.png
549,Самарская область,МНН №360,storage_24_19.png
550,Томская область,МНН №1335,storage_25_0.png
551,Томская область,МНН №1335,storage_25_0.png
552,Томская область,МНН №4,storage_25_1.png
553,Томская область,МНН №4,storage_25_1.png
554,Томская область,МНН №1795,storage_25_3.png
555,Томская область,МНН №1795,storage_25_3.png
556,Томская область,МНН №806,storage_25_4.png
557,Томская область,МНН №806,storage_25_4.png
558,Томская область,МНН №720,storage_25_5.png
559,Томская область,МНН №720,storage_25_5.png
560,Томская область,МНН №138,storage_25_9.png
561,Томская область,МНН №138,storage_25_9.png
562,Томская область,МНН №266,storage_25_11.png
563,Томская область,МНН №266,storage_25_11.png
564,Томская область,МНН №269,storage_25_17.png
565,Томская область,МНН №269,storage_25_17.png
566,Томская область,МНН №360,storage_25_19.png
567,Томская область,МНН №360,storage_25_19.png
568,Ненецкий автономный округ,МНН №720,storage_26_5.png
569,Ненецкий автономный округ,МНН №720,storage_26_5.png
570,Ненецкий автономный округ,МНН №138,storage_26_9.png
571,Ненецкий автономный округ,МНН №138,storage_26_9.png
572,Республика Дагестан,МНН №806,storage_27_4.png
573,Республика Дагестан,МНН №806,storage_27_4.png
574,Республика Дагестан,МНН №138,storage_27_9.png
575,Республика Дагестан,МНН №138,storage_27_9.png
576,Республика Дагестан,МНН №360,storage_27_19.png
577,Республика Дагестан,МНН №360,storage_27_19.png
578,Республика Татарстан,МНН №1335,storage_28_0.png
579,Республика Татарстан,МНН №1335,storage_28_0.png
580,Республика Татарстан,МНН №4,storage_28_1.png
581,Республика Татарстан,МНН №4,storage_28_1.png
582,Республика Татарстан,МНН №1795,storage_28_3.png
583,Республика Татарстан,МНН №1795,storage_28_3.png
584,Республика Татарстан,МНН №806,storage_28_4.png
585,Республика Татарстан,МНН №806,storage_28_4.png
586,Республика Татарстан,МНН №720,storage_28_5.png
587,Республика Татарстан,МНН №720,storage_28_5.png
588,Республика Татарстан,МНН №138,storage_28_9.png
589,Республика Татарстан,МНН №138,storage_28_9.png
590,Республика Татарстан,МНН №266,storage_28_11.png
591,Республика Татарстан,МНН №266,storage_28_11.png
592,Республика Татарстан,МНН №382,storage_28_12.png
593,Республика Татарстан,МНН №382,storage_28_12.png
594,Республика Татарстан,МНН №2200,storage_28_16.png
595,Республика Татарстан,МНН №2200,storage_28_16.png
596,Республика Татарстан,МНН №269,storage_28_17.png
597,Республика Татарстан,МНН №269,storage_28_17.png
598,Республика Татарстан,МНН №360,storage_28_19.png
599,Республика Татарстан,МНН №360,storage_28_19.png
600,Республика Хакасия,МНН №1335,storage_30_0.png
601,Республика Хакасия,МНН №1335,storage_30_0.png
602,Республика Хакасия,МНН №1795,storage_30_3.png
603,Республика Хакасия,МНН №1795,storage_30_3.png
604,Республика Хакасия,МНН №806,storage_30_4.png
605,Республика Хакасия,МНН №806,storage_30_4.png
606,Республика Хакасия,МНН №720,storage_30_5.png
607,Республика Хакасия,МНН №720,storage_30_5.png
608,Республика Хакасия,МНН №138,storage_30_9.png
609,Республика Хакасия,МНН №138,storage_30_9.png
610,Республика Хакасия,МНН №266,storage_30_11.png
611,Республика Хакасия,МНН №266,storage_30_11.png
612,Республика Хакасия,МНН №382,storage_30_12.png
613,Республика Хакасия,МНН №382,storage_30_12.png
614,Республика Хакасия,МНН №2200,storage_30_16.png
615,Республика Хакасия,МНН №2200,storage_30_16.png
616,Республика Хакасия,МНН №269,storage_30_17.png
617,Республика Хакасия,МНН №269,storage_30_17.png
618,Республика Хакасия,МНН №360,storage_30_19.png
619,Республика Хакасия,МНН №360,storage_30_19.png
620,Чувашская республика,МНН №4,storage_31_1.png
621,Чувашская республика,МНН №4,storage_31_1.png
622,Чувашская республика,МНН №1795,storage_31_3.png
623,Чувашская республика,МНН №1795,storage_31_3.png
624,Чувашская республика,МНН №806,storage_31_4.png
625,Чувашская республика,МНН №806,storage_31_4.png
626,Чувашская республика,МНН №720,storage_31_5.png
627,Чувашская республика,МНН №720,storage_31_5.png
628,Чувашская республика,МНН №138,storage_31_9.png
629,Чувашская республика,МНН №138,storage_31_9.png
630,Чувашская республика,МНН №178,storage_31_10.png
631,Чувашская республика,МНН №178,storage_31_10.png
632,Чувашская республика,МНН №266,storage_31_11.png
633,Чувашская республика,МНН №266,storage_31_11.png
634,Чувашская республика,МНН №269,storage_31_17.png
635,Чувашская республика,МНН №269,storage_31_17.png
636,Чувашская республика,МНН №360,storage_31_19.png
637,Чувашская республика,МНН №360,storage_31_19.png
638,Волгоградская область,МНН №1335,storage_32_0.png
639,Волгоградская область,МНН №1335,storage_32_0.png
640,Волгоградская область,МНН №4,storage_32_1.png
641,Волгоградская область,МНН №4,storage_32_1.png
642,Волгоградская область,МНН №1132,storage_32_2.png
643,Волгоградская область,МНН №1132,storage_32_2.png
644,Волгоградская область,МНН №1795,storage_32_3.png
645,Волгоградская область,МНН №1795,storage_32_3.png
646,Волгоградская область,МНН №806,storage_32_4.png
647,Волгоградская область,МНН №806,storage_32_4.png
648,Волгоградская область,МНН №720,storage_32_5.png
649,Волгоградская область,МНН №720,storage_32_5.png
650,Волгоградская область,МНН №138,storage_32_9.png
651,Волгоградская область,МНН №138,storage_32_9.png
652,Волгоградская область,МНН №178,storage_32_10.png
653,Волгоградская область,МНН №178,storage_32_10.png
654,Волгоградская область,МНН №266,storage_32_11.png
655,Волгоградская область,МНН №266,storage_32_11.png
656,Волгоградская область,МНН №382,storage_32_12.png
657,Волгоградская область,МНН №382,storage_32_12.png
658,Волгоградская область,МНН №2200,storage_32_16.png
659,Волгоградская область,МНН №2200,storage_32_16.png
660,Волгоградская область,МНН №360,storage_32_19.png
661,Волгоградская область,МНН №360,storage_32_19.png
662,Вологодская область,МНН №1335,storage_33_0.png
663,Вологодская область,МНН №1335,storage_33_0.png
664,Вологодская область,МНН №4,storage_33_1.png
665,Вологодская область,МНН №4,storage_33_1.png
666,Вологодская область,МНН №1795,storage_33_3.png
667,Вологодская область,МНН №1795,storage_33_3.png
668,Вологодская область,МНН №806,storage_33_4.png
669,Вологодская область,МНН №806,storage_33_4.png
670,Вологодская область,МНН №720,storage_33_5.png
671,Вологодская область,МНН №720,storage_33_5.png
672,Вологодская область,МНН №138,storage_33_9.png
673,Вологодская область,МНН №138,storage_33_9.png
674,Вологодская область,МНН №382,storage_33_12.png
675,Вологодская область,МНН №382,storage_33_12.png
676,Вологодская область,МНН №269,storage_33_17.png
677,Вологодская область,МНН №269,storage_33_17.png
678,Вологодская область,МНН №360,storage_33_19.png
679,Вологодская область,МНН №360,storage_33_19.png
680,Магаданская область,МНН №1335,storage_34_0.png
681,Магаданская область,МНН №1335,storage_34_0.png
682,Магаданская область,МНН №1795,storage_34_3.png
683,Магаданская область,МНН №1795,storage_34_3.png
684,Магаданская область,МНН №806,storage_34_4.png
685,Магаданская область,МНН №806,storage_34_4.png
686,Магаданская область,МНН №720,storage_34_5.png
687,Магаданская область,МНН №720,storage_34_5.png
688,Магаданская область,МНН №138,storage_34_9.png
689,Магаданская область,МНН №138,storage_34_9.png
690,Магаданская область,МНН №178,storage_34_10.png
691,Магаданская область,МНН №178,storage_34_10.png
692,Магаданская область,МНН №266,storage_34_11.png
693,Магаданская область,МНН №266,storage_34_11.png
694,Магаданская область,МНН №2200,storage_34_16.png
695,Магаданская область,МНН №2200,storage_34_16.png
696,Магаданская область,МНН №269,storage_34_17.png
697,Магаданская область,МНН №269,storage_34_17.png
698,Магаданская область,МНН №360,storage_34_19.png
699,Магаданская область,МНН №360,storage_34_19.png
700,Мурманская область,МНН №1335,storage_35_0.png
701,Мурманская область,МНН №1335,storage_35_0.png
702,Мурманская область,МНН №4,storage_35_1.png
703,Мурманская область,МНН №4,storage_35_1.png
704,Мурманская область,МНН №1795,storage_35_3.png
705,Мурманская область,МНН №1795,storage_35_3.png
706,Мурманская область,МНН №806,storage_35_4.png
707,Мурманская область,МНН №806,storage_35_4.png
708,Мурманская область,МНН №138,storage_35_9.png
709,Мурманская область,МНН №138,storage_35_9.png
710,Мурманская область,МНН №266,storage_35_11.png
711,Мурманская область,МНН №266,storage_35_11.png
712,Мурманская область,МНН №382,storage_35_12.png
713,Мурманская область,МНН №382,storage_35_12.png
714,Мурманская область,МНН №2200,storage_35_16.png
715,Мурманская область,МНН №2200,storage_35_16.png
716,Мурманская область,МНН №269,storage_35_17.png
717,Мурманская область,МНН №269,storage_35_17.png
718,Мурманская область,МНН №360,storage_35_19.png
719,Мурманская область,МНН №360,storage_35_19.png
720,Саратовская область,МНН №1335,storage_36_0.png
721,Саратовская область,МНН №1335,storage_36_0.png
722,Саратовская область,МНН №4,storage_36_1.png
723,Саратовская область,МНН №4,storage_36_1.png
724,Саратовская область,МНН №1132,storage_36_2.png
725,Саратовская область,МНН №1132,storage_36_2.png
726,Саратовская область,МНН №1795,storage_36_3.png
727,Саратовская область,МНН №1795,storage_36_3.png
728,Саратовская область,МНН №806,storage_36_4.png
729,Саратовская область,МНН №806,storage_36_4.png
730,Саратовская область,МНН №720,storage_36_5.png
731,Саратовская область,МНН №720,storage_36_5.png
732,Саратовская область,МНН №138,storage_36_9.png
733,Саратовская область,МНН №138,storage_36_9.png
734,Саратовская область,МНН №178,storage_36_10.png
735,Саратовская область,МНН №178,storage_36_10.png
736,Саратовская область,МНН №266,storage_36_11.png
737,Саратовская область,МНН №266,storage_36_11.png
738,Саратовская область,МНН №382,storage_36_12.png
739,Саратовская область,МНН №382,storage_36_12.png
740,Саратовская область,МНН №2200,storage_36_16.png
741,Саратовская область,МНН №2200,storage_36_16.png
742,Саратовская область,МНН №269,storage_36_17.png
743,Саратовская область,МНН №269,storage_36_17.png
744,Саратовская область,МНН №360,storage_36_19.png
745,Саратовская область,МНН №360,storage_36_19.png
746,Тамбовская область,МНН №1335,storage_37_0.png
747,Тамбовская область,МНН №1335,storage_37_0.png
748,Тамбовская область,МНН №4,storage_37_1.png
749,Тамбовская область,МНН №4,storage_37_1.png
750,Тамбовская область,МНН №1132,storage_37_2.png
751,Тамбовская область,МНН №1132,storage_37_2.png
752,Тамбовская область,МНН №1795,storage_37_3.png
753,Тамбовская область,МНН №1795,storage_37_3.png
754,Тамбовская область,МНН №806,storage_37_4.png
755,Тамбовская область,МНН №806,storage_37_4.png
756,Тамбовская область,МНН №720,storage_37_5.png
757,Тамбовская область,МНН №720,storage_37_5.png
758,Тамбовская область,МНН №138,storage_37_9.png
759,Тамбовская область,МНН №138,storage_37_9.png
760,Тамбовская область,МНН №178,storage_37_10.png
761,Тамбовская область,МНН №178,storage_37_10.png
762,Тамбовская область,МНН №266,storage_37_11.png
763,Тамбовская область,МНН №266,storage_37_11.png
764,Тамбовская область,МНН №382,storage_37_12.png
765,Тамбовская область,МНН №382,storage_37_12.png
766,Тамбовская область,МНН №2200,storage_37_16.png
767,Тамбовская область,МНН №2200,storage_37_16.png
768,Тамбовская область,МНН №269,storage_37_17.png
769,Тамбовская область,МНН №269,storage_37_17.png
770,Тамбовская область,МНН №360,storage_37_19.png
771,Тамбовская область,МНН №360,storage_37_19.png
772,Республика Адыгея,МНН №1335,storage_38_0.png
773,Республика Адыгея,МНН №1335,storage_38_0.png
774,Республика Адыгея,МНН №4,storage_38_1.png
775,Республика Адыгея,МНН №4,storage_38_1.png
776,Республика Адыгея,МНН №1132,storage_38_2.png
777,Республика Адыгея,МНН №1132,storage_38_2.png
778,Республика Адыгея,МНН №1795,storage_38_3.png
779,Республика Адыгея,МНН №1795,storage_38_3.png
780,Республика Адыгея,МНН №806,storage_38_4.png
781,Республика Адыгея,МНН №806,storage_38_4.png
782,Республика Адыгея,МНН №720,storage_38_5.png
783,Республика Адыгея,МНН №720,storage_38_5.png
784,Республика Адыгея,МНН №138,storage_38_9.png
785,Республика Адыгея,МНН №138,storage_38_9.png
786,Республика Адыгея,МНН №178,storage_38_10.png
787,Республика Адыгея,МНН №178,storage_38_10.png
788,Республика Адыгея,МНН №266,storage_38_11.png
789,Республика Адыгея,МНН №266,storage_38_11.png
790,Республика Адыгея,МНН №382,storage_38_12.png
791,Республика Адыгея,МНН №382,storage_38_12.png
792,Республика Адыгея,МНН №1207,storage_38_15.png
793,Республика Адыгея,МНН №1207,storage_38_15.png
794,Республика Адыгея,МНН №2200,storage_38_16.png
795,Республика Адыгея,МНН №2200,storage_38_16.png
796,Республика Адыгея,МНН №269,storage_38_17.png
797,Республика Адыгея,МНН №269,storage_38_17.png
798,Республика Адыгея,МНН №360,storage_38_19.png
799,Республика Адыгея,МНН №360,storage_38_19.png
800,Белгородская область,МНН №1335,storage_39_0.png
801,Белгородская область,МНН №1335,storage_39_0.png
802,Белгородская область,МНН №4,storage_39_1.png
803,Белгородская область,МНН №4,storage_39_1.png
804,Белгородская область,МНН №1795,storage_39_3.png
805,Белгородская область,МНН №1795,storage_39_3.png
806,Белгородская область,МНН №806,storage_39_4.png
807,Белгородская область,МНН №806,storage_39_4.png
808,Белгородская область,МНН №720,storage_39_5.png
809,Белгородская область,МНН №720,storage_39_5.png
810,Белгородская область,МНН №138,storage_39_9.png
811,Белгородская область,МНН №138,storage_39_9.png
812,Белгородская область,МНН №178,storage_39_10.png
813,Белгородская область,МНН №178,storage_39_10.png
814,Белгородская область,МНН №266,storage_39_11.png
815,Белгородская область,МНН №266,storage_39_11.png
816,Белгородская область,МНН №382,storage_39_12.png
817,Белгородская область,МНН №382,storage_39_12.png
818,Белгородская область,МНН №1207,storage_39_15.png
819,Белгородская область,МНН №1207,storage_39_15.png
820,Белгородская область,МНН №2200,storage_39_16.png
821,Белгородская область,МНН №2200,storage_39_16.png
822,Белгородская область,МНН №269,storage_39_17.png
823,Белгородская область,МНН №269,storage_39_17.png
824,Белгородская область,МНН №360,storage_39_19.png
825,Белгородская область,МНН №360,storage_39_19.png
826,Костромская область,МНН №4,storage_40_1.png
827,Костромская область,МНН №4,storage_40_1.png
828,Костромская область,МНН №1795,storage_40_3.png
829,Костромская область,МНН №1795,storage_40_3.png
830,Костромская область,МНН №806,storage_40_4.png
831,Костромская область,МНН №806,storage_40_4.png
832,Костромская область,МНН №720,storage_40_5.png
833,Костромская область,МНН №720,storage_40_5.png
834,Костромская область,МНН №138,storage_40_9.png
835,Костромская область,МНН №138,storage_40_9.png
836,Костромская область,МНН №266,storage_40_11.png
837,Костромская область,МНН №266,storage_40_11.png
838,Костромская область,МНН №2200,storage_40_16.png
839,Костромская область,МНН №2200,storage_40_16.png
840,Костромская область,МНН №269,storage_40_17.png
841,Костромская область,МНН №269,storage_40_17.png
842,Костромская область,МНН №360,storage_40_19.png
843,Костромская область,МНН №360,storage_40_19.png
844,Курганская область,МНН №1795,storage_41_3.png
845,Курганская область,МНН №1795,storage_41_3.png
846,Курганская область,МНН №806,storage_41_4.png
847,Курганская область,МНН №806,storage_41_4.png
848,Курганская область,МНН №720,storage_41_5.png
849,Курганская область,МНН №720,storage_41_5.png
850,Курганская область,МНН №138,storage_41_9.png
851,Курганская область,МНН №138,storage_41_9.png
852,Курганская область,МНН №269,storage_41_17.png
853,Курганская область,МНН №269,storage_41_17.png
854,Курганская область,МНН №360,storage_41_19.png
855,Курганская область,МНН №360,storage_41_19.png
856,Липецкая область,МНН №1335,storage_42_0.png
857,Липецкая область,МНН №1335,storage_42_0.png
858,Липецкая область,МНН №4,storage_42_1.png
859,Липецкая область,МНН №4,storage_42_1.png
860,Липецкая область,МНН №1795,storage_42_3.png
861,Липецкая область,МНН №1795,storage_42_3.png
862,Липецкая область,МНН №806,storage_42_4.png
863,Липецкая область,МНН №806,storage_42_4.png
864,Липецкая область,МНН №720,storage_42_5.png
865,Липецкая область,МНН №720,storage_42_5.png
866,Липецкая область,МНН №138,storage_42_9.png
867,Липецкая область,МНН №138,storage_42_9.png
868,Липецкая область,МНН №178,storage_42_10.png
869,Липецкая область,МНН №178,storage_42_10.png
870,Липецкая область,МНН №266,storage_42_11.png
871,Липецкая область,МНН №266,storage_42_11.png
872,Липецкая область,МНН №382,storage_42_12.png
873,Липецкая область,МНН №382,storage_42_12.png
874,Липецкая область,МНН №2200,storage_42_16.png
875,Липецкая область,МНН №2200,storage_42_16.png
876,Липецкая область,МНН №269,storage_42_17.png
877,Липецкая область,МНН №269,storage_42_17.png
878,Липецкая область,МНН №360,storage_42_19.png
879,Липецкая область,МНН №360,storage_42_19.png
880,Московская область,МНН №1335,storage_43_0.png
881,Московская область,МНН №1335,storage_43_0.png
882,Московская область,МНН №4,storage_43_1.png
883,Московская область,МНН №4,storage_43_1.png
884,Московская область,МНН №1132,storage_43_2.png
885,Московская область,МНН №1132,storage_43_2.png
886,Московская область,МНН №1795,storage_43_3.png
887,Московская область,МНН №1795,storage_43_3.png
888,Московская область,МНН №806,storage_43_4.png
889,Московская область,МНН №806,storage_43_4.png
890,Московская область,МНН №720,storage_43_5.png
891,Московская область,МНН №720,storage_43_5.png
892,Московская область,МНН №1532,storage_43_6.png
893,Московская область,МНН №1532,storage_43_6.png
894,Московская область,МНН №138,storage_43_9.png
895,Московская область,МНН №138,storage_43_9.png
896,Московская область,МНН №178,storage_43_10.png
897,Московская область,МНН №178,storage_43_10.png
898,Московская область,МНН №266,storage_43_11.png
899,Московская область,МНН №266,storage_43_11.png
900,Московская область,МНН №382,storage_43_12.png
901,Московская область,МНН №382,storage_43_12.png
902,Московская область,МНН №2136,storage_43_14.png
903,Московская область,МНН №2136,storage_43_14.png
904,Московская область,МНН №1207,storage_43_15.png
905,Московская область,МНН №1207,storage_43_15.png
906,Московская область,МНН №2200,storage_43_16.png
907,Московская область,МНН №2200,storage_43_16.png
908,Московская область,МНН №269,storage_43_17.png
909,Московская область,МНН №269,storage_43_17.png
910,Московская область,МНН №360,storage_43_19.png
911,Московская область,МНН №360,storage_43_19.png
912,Рязанская область,МНН №1335,storage_44_0.png
913,Рязанская область,МНН №1335,storage_44_0.png
914,Рязанская область,МНН №4,storage_44_1.png
915,Рязанская область,МНН №4,storage_44_1.png
916,Рязанская область,МНН №1132,storage_44_2.png
917,Рязанская область,МНН №1132,storage_44_2.png
918,Рязанская область,МНН №1795,storage_44_3.png
919,Рязанская область,МНН №1795,storage_44_3.png
920,Рязанская область,МНН №806,storage_44_4.png
921,Рязанская область,МНН №806,storage_44_4.png
922,Рязанская область,МНН №720,storage_44_5.png
923,Рязанская область,МНН №720,storage_44_5.png
924,Рязанская область,МНН №138,storage_44_9.png
925,Рязанская область,МНН №138,storage_44_9.png
926,Рязанская область,МНН №178,storage_44_10.png
927,Рязанская область,МНН №178,storage_44_10.png
928,Рязанская область,МНН №266,storage_44_11.png
929,Рязанская область,МНН №266,storage_44_11.png
930,Рязанская область,МНН №382,storage_44_12.png
931,Рязанская область,МНН №382,storage_44_12.png
932,Рязанская область,МНН №2200,storage_44_16.png
933,Рязанская область,МНН №2200,storage_44_16.png
934,Рязанская область,МНН №269,storage_44_17.png
935,Рязанская область,МНН №269,storage_44_17.png
936,Рязанская область,МНН №360,storage_44_19.png
937,Рязанская область,МНН №360,storage_44_19.png
938,Ярославская область,МНН №4,storage_45_1.png
939,Ярославская область,МНН №4,storage_45_1.png
940,Ярославская область,МНН №1795,storage_45_3.png
941,Ярославская область,МНН №1795,storage_45_3.png
942,Ярославская область,МНН №806,storage_45_4.png
943,Ярославская область,МНН №806,storage_45_4.png
944,Ярославская область,МНН №720,storage_45_5.png
945,Ярославская область,МНН №720,storage_45_5.png
946,Ярославская область,МНН №138,storage_45_9.png
947,Ярославская область,МНН №138,storage_45_9.png
948,Ярославская область,МНН №266,storage_45_11.png
949,Ярославская область,МНН №266,storage_45_11.png
950,Ярославская область,МНН №382,storage_45_12.png
951,Ярославская область,МНН №382,storage_45_12.png
952,Ярославская область,МНН №2200,storage_45_16.png
953,Ярославская область,МНН №2200,storage_45_16.png
954,Ярославская область,МНН №269,storage_45_17.png
955,Ярославская область,МНН №269,storage_45_17.png
956,Ярославская область,МНН №360,storage_45_19.png
957,Ярославская область,МНН №360,storage_45_19.png
958,Москва,МНН №1335,storage_46_0.png
959,Москва,МНН №1335,storage_46_0.png
960,Москва,МНН №4,storage_46_1.png
961,Москва,МНН №4,storage_46_1.png
962,Москва,МНН №1132,storage_46_2.png
963,Москва,МНН №1132,storage_46_2.png
964,Москва,МНН №1795,storage_46_3.png
965,Москва,МНН №1795,storage_46_3.png
966,Москва,МНН №806,storage_46_4.png
967,Москва,МНН №806,storage_46_4.png
968,Москва,МНН №720,storage_46_5.png
969,Москва,МНН №720,storage_46_5.png
970,Москва,МНН №1532,storage_46_6.png
971,Москва,МНН №1532,storage_46_6.png
972,Москва,МНН №138,storage_46_9.png
973,Москва,МНН №138,storage_46_9.png
974,Москва,МНН №178,storage_46_10.png
975,Москва,МНН №178,storage_46_10.png
976,Москва,МНН №266,storage_46_11.png
977,Москва,МНН №266,storage_46_11.png
978,Москва,МНН №382,storage_46_12.png
979,Москва,МНН №382,storage_46_12.png
980,Москва,МНН №2136,storage_46_14.png
981,Москва,МНН №2136,storage_46_14.png
982,Москва,МНН №1207,storage_46_15.png
983,Москва,МНН №1207,storage_46_15.png
984,Москва,МНН №2200,storage_46_16.png
985,Москва,МНН №2200,storage_46_16.png
986,Москва,МНН №269,storage_46_17.png
987,Москва,МНН №269,storage_46_17.png
988,Москва,МНН №360,storage_46_19.png
989,Москва,МНН №360,storage_46_19.png
990,Еврейская автономная область,МНН №1335,storage_47_0.png
991,Еврейская автономная область,МНН №1335,storage_47_0.png
992,Еврейская автономная область,МНН №1795,storage_47_3.png
993,Еврейская автономная область,МНН №1795,storage_47_3.png
994,Еврейская автономная область,МНН №806,storage_47_4.png
995,Еврейская автономная область,МНН №806,storage_47_4.png
996,Еврейская автономная область,МНН №720,storage_47_5.png
997,Еврейская автономная область,МНН №720,storage_47_5.png
998,Еврейская автономная область,МНН №138,storage_47_9.png
999,Еврейская автономная область,МНН №138,storage_47_9.png
1000,Еврейская автономная область,МНН №2200,storage_47_16.png
1001,Еврейская автономная область,МНН №2200,storage_47_16.png
1002,Еврейская автономная область,МНН №269,storage_47_17.png
1003,Еврейская автономная область,МНН №269,storage_47_17.png
1004,Еврейская автономная область,МНН №360,storage_47_19.png
1005,Еврейская автономная область,МНН №360,storage_47_19.png
1006,Ямало-Ненецкий автономный округ,МНН №720,storage_48_5.png
1007,Ямало-Ненецкий автономный округ,МНН №720,storage_48_5.png
1008,Республика Бурятия,МНН №1335,storage_49_0.png
1009,Республика Бурятия,МНН №1335,storage_49_0.png
1010,Республика Бурятия,МНН №4,storage_49_1.png
1011,Республика Бурятия,МНН №4,storage_49_1.png
1012,Республика Бурятия,МНН №1132,storage_49_2.png
1013,Республика Бурятия,МНН №1132,storage_49_2.png
1014,Республика Бурятия,МНН №1795,storage_49_3.png
1015,Республика Бурятия,МНН №1795,storage_49_3.png
1016,Республика Бурятия,МНН №806,storage_49_4.png
1017,Республика Бурятия,МНН №806,storage_49_4.png
1018,Республика Бурятия,МНН №720,storage_49_5.png
1019,Республика Бурятия,МНН №720,storage_49_5.png
1020,Республика Бурятия,МНН №138,storage_49_9.png
1021,Республика Бурятия,МНН №138,storage_49_9.png
1022,Республика Бурятия,МНН №178,storage_49_10.png
1023,Республика Бурятия,МНН №178,storage_49_10.png
1024,Республика Бурятия,МНН №382,storage_49_12.png
1025,Республика Бурятия,МНН №382,storage_49_12.png
1026,Республика Бурятия,МНН №2200,storage_49_16.png
1027,Республика Бурятия,МНН №2200,storage_49_16.png
1028,Республика Бурятия,МНН №269,storage_49_17.png
1029,Республика Бурятия,МНН №269,storage_49_17.png
1030,Республика Бурятия,МНН №360,storage_49_19.png
1031,Республика Бурятия,МНН №360,storage_49_19.png
1032,Владимирская область,МНН №1335,storage_50_0.png
1033,Владимирская область,МНН №1335,storage_50_0.png
1034,Владимирская область,МНН №4,storage_50_1.png
1035,Владимирская область,МНН №4,storage_50_1.png
1036,Владимирская область,МНН №1795,storage_50_3.png
1037,Владимирская область,МНН №1795,storage_50_3.png
1038,Владимирская область,МНН №806,storage_50_4.png
1039,Владимирская область,МНН №806,storage_50_4.png
1040,Владимирская область,МНН №720,storage_50_5.png
1041,Владимирская область,МНН №720,storage_50_5.png
1042,Владимирская область,МНН №138,storage_50_9.png
1043,Владимирская область,МНН №138,storage_50_9.png
1044,Владимирская область,МНН №266,storage_50_11.png
1045,Владимирская область,МНН №266,storage_50_11.png
1046,Владимирская область,МНН №382,storage_50_12.png
1047,Владимирская область,МНН №382,storage_50_12.png
1048,Владимирская область,МНН №2200,storage_50_16.png
1049,Владимирская область,МНН №2200,storage_50_16.png
1050,Владимирская область,МНН №269,storage_50_17.png
1051,Владимирская область,МНН №269,storage_50_17.png
1052,Владимирская область,МНН №360,storage_50_19.png
1053,Владимирская область,МНН №360,storage_50_19.png
1054,Кировская область,МНН №1335,storage_51_0.png
1055,Кировская область,МНН №1335,storage_51_0.png
1056,Кировская область,МНН №4,storage_51_1.png
1057,Кировская область,МНН №4,storage_51_1.png
1058,Кировская область,МНН №1795,storage_51_3.png
1059,Кировская область,МНН №1795,storage_51_3.png
1060,Кировская область,МНН №806,storage_51_4.png
1061,Кировская область,МНН №806,storage_51_4.png
1062,Кировская область,МНН №720,storage_51_5.png
1063,Кировская область,МНН №720,storage_51_5.png
1064,Кировская область,МНН №138,storage_51_9.png
1065,Кировская область,МНН №138,storage_51_9.png
1066,Кировская область,МНН №266,storage_51_11.png
1067,Кировская область,МНН №266,storage_51_11.png
1068,Кировская область,МНН №2200,storage_51_16.png
1069,Кировская область,МНН №2200,storage_51_16.png
1070,Кировская область,МНН №269,storage_51_17.png
1071,Кировская область,МНН №269,storage_51_17.png
1072,Кировская область,МНН №360,storage_51_19.png
1073,Кировская область,МНН №360,storage_51_19.png
1074,Оренбургская область,МНН №4,storage_52_1.png
1075,Оренбургская область,МНН №4,storage_52_1.png
1076,Оренбургская область,МНН №1795,storage_52_3.png
1077,Оренбургская область,МНН №1795,storage_52_3.png
1078,Оренбургская область,МНН №806,storage_52_4.png
1079,Оренбургская область,МНН №806,storage_52_4.png
1080,Оренбургская область,МНН №720,storage_52_5.png
1081,Оренбургская область,МНН №720,storage_52_5.png
1082,Оренбургская область,МНН №138,storage_52_9.png
1083,Оренбургская область,МНН №138,storage_52_9.png
1084,Оренбургская область,МНН №266,storage_52_11.png
1085,Оренбургская область,МНН №266,storage_52_11.png
1086,Оренбургская область,МНН №269,storage_52_17.png
1087,Оренбургская область,МНН №269,storage_52_17.png
1088,Оренбургская область,МНН №360,storage_52_19.png
1089,Оренбургская область,МНН №360,storage_52_19.png
1090,Орловская область,МНН №1335,storage_53_0.png
1091,Орловская область,МНН №1335,storage_53_0.png
1092,Орловская область,МНН №4,storage_53_1.png
1093,Орловская область,МНН №4,storage_53_1.png
1094,Орловская область,МНН №1795,storage_53_3.png
1095,Орловская область,МНН №1795,storage_53_3.png
1096,Орловская область,МНН №806,storage_53_4.png
1097,Орловская область,МНН №806,storage_53_4.png
1098,Орловская область,МНН №720,storage_53_5.png
1099,Орловская область,МНН №720,storage_53_5.png
1100,Орловская область,МНН №138,storage_53_9.png
1101,Орловская область,МНН №138,storage_53_9.png
1102,Орловская область,МНН №178,storage_53_10.png
1103,Орловская область,МНН №178,storage_53_10.png
1104,Орловская область,МНН №266,storage_53_11.png
1105,Орловская область,МНН №266,storage_53_11.png
1106,Орловская область,МНН №382,storage_53_12.png
1107,Орловская область,МНН №382,storage_53_12.png
1108,Орловская область,МНН №2200,storage_53_16.png
1109,Орловская область,МНН №2200,storage_53_16.png
1110,Орловская область,МНН №360,storage_53_19.png
1111,Орловская область,МНН №360,storage_53_19.png
1112,Пермский край,МНН №1335,storage_54_0.png
1113,Пермский край,МНН №1335,storage_54_0.png
1114,Пермский край,МНН №4,storage_54_1.png
1115,Пермский край,МНН №4,storage_54_1.png
1116,Пермский край,МНН №1795,storage_54_3.png
1117,Пермский край,МНН №1795,storage_54_3.png
1118,Пермский край,МНН №806,storage_54_4.png
1119,Пермский край,МНН №806,storage_54_4.png
1120,Пермский край,МНН №720,storage_54_5.png
1121,Пермский край,МНН №720,storage_54_5.png
1122,Пермский край,МНН №138,storage_54_9.png
1123,Пермский край,МНН №138,storage_54_9.png
1124,Пермский край,МНН №266,storage_54_11.png
1125,Пермский край,МНН №266,storage_54_11.png
1126,Пермский край,МНН №382,storage_54_12.png
1127,Пермский край,МНН №382,storage_54_12.png
1128,Пермский край,МНН №2200,storage_54_16.png
1129,Пермский край,МНН №2200,storage_54_16.png
1130,Пермский край,МНН №269,storage_54_17.png
1131,Пермский край,МНН №269,storage_54_17.png
1132,Пермский край,МНН №360,storage_54_19.png
1133,Пермский край,МНН №360,storage_54_19.png
1134,Тульская область,МНН №1335,storage_55_0.png
1135,Тульская область,МНН №1335,storage_55_0.png
1136,Тульская область,МНН №4,storage_55_1.png
1137,Тульская область,МНН №4,storage_55_1.png
1138,Тульская область,МНН №1132,storage_55_2.png
1139,Тульская область,МНН №1132,storage_55_2.png
1140,Тульская область,МНН №1795,storage_55_3.png
1141,Тульская область,МНН №1795,storage_55_3.png
1142,Тульская область,МНН №806,storage_55_4.png
1143,Тульская область,МНН №806,storage_55_4.png
1144,Тульская область,МНН №720,storage_55_5.png
1145,Тульская область,МНН №720,storage_55_5.png
1146,Тульская область,МНН №138,storage_55_9.png
1147,Тульская область,МНН №138,storage_55_9.png
1148,Тульская область,МНН №178,storage_55_10.png
1149,Тульская область,МНН №178,storage_55_10.png
1150,Тульская область,МНН №266,storage_55_11.png
1151,Тульская область,МНН №266,storage_55_11.png
1152,Тульская область,МНН №382,storage_55_12.png
1153,Тульская область,МНН №382,storage_55_12.png
1154,Тульская область,МНН №2200,storage_55_16.png
1155,Тульская область,МНН №2200,storage_55_16.png
1156,Тульская область,МНН №269,storage_55_17.png
1157,Тульская область,МНН №269,storage_55_17.png
1158,Тульская область,МНН №360,storage_55_19.png
1159,Тульская область,МНН №360,storage_55_19.png
1160,Севастополь,МНН №1335,storage_56_0.png
1161,Севастополь,МНН №1335,storage_56_0.png
1162,Севастополь,МНН №1795,storage_56_3.png
1163,Севастополь,МНН №1795,storage_56_3.png
1164,Севастополь,МНН №806,storage_56_4.png
1165,Севастополь,МНН №806,storage_56_4.png
1166,Севастополь,МНН №720,storage_56_5.png
1167,Севастополь,МНН №720,storage_56_5.png
1168,Севастополь,МНН №138,storage_56_9.png
1169,Севастополь,МНН №138,storage_56_9.png
1170,Севастополь,МНН №269,storage_56_17.png
1171,Севастополь,МНН №269,storage_56_17.png
1172,Севастополь,МНН №360,storage_56_19.png
1173,Севастополь,МНН №360,storage_56_19.png
1174,Республика Карелия,МНН №4,storage_57_1.png
1175,Республика Карелия,МНН №4,storage_57_1.png
1176,Республика Карелия,МНН №806,storage_57_4.png
1177,Республика Карелия,МНН №806,storage_57_4.png
1178,Республика Карелия,МНН №720,storage_57_5.png
1179,Республика Карелия,МНН №720,storage_57_5.png
1180,Республика Карелия,МНН №138,storage_57_9.png
1181,Республика Карелия,МНН №138,storage_57_9.png
1182,Республика Карелия,МНН №360,storage_57_19.png
1183,Республика Карелия,МНН №360,storage_57_19.png
1184,Ставропольский край,МНН №1335,storage_58_0.png
1185,Ставропольский край,МНН №1335,storage_58_0.png
1186,Ставропольский край,МНН №4,storage_58_1.png
1187,Ставропольский край,МНН №4,storage_58_1.png
1188,Ставропольский край,МНН №1132,storage_58_2.png
1189,Ставропольский край,МНН №1132,storage_58_2.png
1190,Ставропольский край,МНН №1795,storage_58_3.png
1191,Ставропольский край,МНН №1795,storage_58_3.png
1192,Ставропольский край,МНН №806,storage_58_4.png
1193,Ставропольский край,МНН №806,storage_58_4.png
1194,Ставропольский край,МНН №720,storage_58_5.png
1195,Ставропольский край,МНН №720,storage_58_5.png
1196,Ставропольский край,МНН №138,storage_58_9.png
1197,Ставропольский край,МНН №138,storage_58_9.png
1198,Ставропольский край,МНН №178,storage_58_10.png
1199,Ставропольский край,МНН №178,storage_58_10.png
1200,Ставропольский край,МНН №266,storage_58_11.png
1201,Ставропольский край,МНН №266,storage_58_11.png
1202,Ставропольский край,МНН №382,storage_58_12.png
1203,Ставропольский край,МНН №382,storage_58_12.png
1204,Ставропольский край,МНН №2136,storage_58_14.png
1205,Ставропольский край,МНН №2136,storage_58_14.png
1206,Ставропольский край,МНН №1207,storage_58_15.png
1207,Ставропольский край,МНН №1207,storage_58_15.png
1208,Ставропольский край,МНН №2200,storage_58_16.png
1209,Ставропольский край,МНН №2200,storage_58_16.png
1210,Ставропольский край,МНН №269,storage_58_17.png
1211,Ставропольский край,МНН №269,storage_58_17.png
1212,Ставропольский край,МНН №360,storage_58_19.png
1213,Ставропольский край,МНН №360,storage_58_19.png
1214,Хабаровский край,МНН №1335,storage_59_0.png
1215,Хабаровский край,МНН №1335,storage_59_0.png
1216,Хабаровский край,МНН №4,storage_59_1.png
1217,Хабаровский край,МНН №4,storage_59_1.png
1218,Хабаровский край,МНН №1132,storage_59_2.png
1219,Хабаровский край,МНН №1132,storage_59_2.png
1220,Хабаровский край,МНН №1795,storage_59_3.png
1221,Хабаровский край,МНН №1795,storage_59_3.png
1222,Хабаровский край,МНН №806,storage_59_4.png
1223,Хабаровский край,МНН №806,storage_59_4.png
1224,Хабаровский край,МНН №720,storage_59_5.png
1225,Хабаровский край,МНН №720,storage_59_5.png
1226,Хабаровский край,МНН №138,storage_59_9.png
1227,Хабаровский край,МНН №138,storage_59_9.png
1228,Хабаровский край,МНН №178,storage_59_10.png
1229,Хабаровский край,МНН №178,storage_59_10.png
1230,Хабаровский край,МНН №266,storage_59_11.png
1231,Хабаровский край,МНН №266,storage_59_11.png
1232,Хабаровский край,МНН №382,storage_59_12.png
1233,Хабаровский край,МНН №382,storage_59_12.png
1234,Хабаровский край,МНН №1207,storage_59_15.png
1235,Хабаровский край,МНН №1207,storage_59_15.png
1236,Хабаровский край,МНН №2200,storage_59_16.png
1237,Хабаровский край,МНН №2200,storage_59_16.png
1238,Хабаровский край,МНН №269,storage_59_17.png
1239,Хабаровский край,МНН №269,storage_59_17.png
1240,Хабаровский край,МНН №360,storage_59_19.png
1241,Хабаровский край,МНН №360,storage_59_19.png
1242,Архангельская область,МНН №4,storage_60_1.png
1243,Архангельская область,МНН №4,storage_60_1.png
1244,Архангельская область,МНН №1795,storage_60_3.png
1245,Архангельская область,МНН №1795,storage_60_3.png
1246,Архангельская область,МНН №806,storage_60_4.png
1247,Архангельская область,МНН №806,storage_60_4.png
1248,Архангельская область,МНН №720,storage_60_5.png
1249,Архангельская область,МНН №720,storage_60_5.png
1250,Архангельская область,МНН №138,storage_60_9.png
1251,Архангельская область,МНН №138,storage_60_9.png
1252,Архангельская область,МНН №266,storage_60_11.png
1253,Архангельская область,МНН №266,storage_60_11.png
1254,Архангельская область,МНН №269,storage_60_17.png
1255,Архангельская область,МНН №269,storage_60_17.png
1256,Нижегородская область,МНН №1335,storage_61_0.png
1257,Нижегородская область,МНН №1335,storage_61_0.png
1258,Нижегородская область,МНН №4,storage_61_1.png
1259,Нижегородская область,МНН №4,storage_61_1.png
1260,Нижегородская область,МНН №1795,storage_61_3.png
1261,Нижегородская область,МНН №1795,storage_61_3.png
1262,Нижегородская область,МНН №806,storage_61_4.png
1263,Нижегородская область,МНН №806,storage_61_4.png
1264,Нижегородская область,МНН №720,storage_61_5.png
1265,Нижегородская область,МНН №720,storage_61_5.png
1266,Нижегородская область,МНН №138,storage_61_9.png
1267,Нижегородская область,МНН №138,storage_61_9.png
1268,Нижегородская область,МНН №178,storage_61_10.png
1269,Нижегородская область,МНН №178,storage_61_10.png
1270,Нижегородская область,МНН №266,storage_61_11.png
1271,Нижегородская область,МНН №266,storage_61_11.png
1272,Нижегородская область,МНН №382,storage_61_12.png
1273,Нижегородская область,МНН №382,storage_61_12.png
1274,Нижегородская область,МНН №2200,storage_61_16.png
1275,Нижегородская область,МНН №2200,storage_61_16.png
1276,Нижегородская область,МНН №269,storage_61_17.png
1277,Нижегородская область,МНН №269,storage_61_17.png
1278,Нижегородская область,МНН №360,storage_61_19.png
1279,Нижегородская область,МНН №360,storage_61_19.png
1280,Тверская область,МНН №1335,storage_62_0.png
1281,Тверская область,МНН №1335,storage_62_0.png
1282,Тверская область,МНН №1795,storage_62_3.png
1283,Тверская область,МНН №1795,storage_62_3.png
1284,Тверская область,МНН №806,storage_62_4.png
1285,Тверская область,МНН №806,storage_62_4.png
1286,Тверская область,МНН №720,storage_62_5.png
1287,Тверская область,МНН №720,storage_62_5.png
1288,Тверская область,МНН №138,storage_62_9.png
1289,Тверская область,МНН №138,storage_62_9.png
1290,Тверская область,МНН №266,storage_62_11.png
1291,Тверская область,МНН №266,storage_62_11.png
1292,Тверская область,МНН №382,storage_62_12.png
1293,Тверская область,МНН №382,storage_62_12.png
1294,Тверская область,МНН №2200,storage_62_16.png
1295,Тверская область,МНН №2200,storage_62_16.png
1296,Тверская область,МНН №269,storage_62_17.png
1297,Тверская область,МНН №269,storage_62_17.png
1298,Тверская область,МНН №360,storage_62_19.png
1299,Тверская область,МНН №360,storage_62_19.png
1300,Ханты-Мансийский автономный округ - Югра,МНН №4,storage_63_1.png
1301,Ханты-Мансийский автономный округ - Югра,МНН №4,storage_63_1.png
1302,Ханты-Мансийский автономный округ - Югра,МНН №1795,storage_63_3.png
1303,Ханты-Мансийский автономный округ - Югра,МНН №1795,storage_63_3.png
1304,Ханты-Мансийский автономный округ - Югра,МНН №806,storage_63_4.png
1305,Ханты-Мансийский автономный округ - Югра,МНН №806,storage_63_4.png
1306,Ханты-Мансийский автономный округ - Югра,МНН №720,storage_63_5.png
1307,Ханты-Мансийский автономный округ - Югра,МНН №720,storage_63_5.png
1308,Ханты-Мансийский автономный округ - Югра,МНН №138,storage_63_9.png
1309,Ханты-Мансийский автономный округ - Югра,МНН №138,storage_63_9.png
1310,Ханты-Мансийский автономный округ - Югра,МНН №266,storage_63_11.png
1311,Ханты-Мансийский автономный округ - Югра,МНН №266,storage_63_11.png
1312,Ханты-Мансийский автономный округ - Югра,МНН №1207,storage_63_15.png
1313,Ханты-Мансийский автономный округ - Югра,МНН №1207,storage_63_15.png
1314,Ханты-Мансийский автономный округ - Югра,МНН №269,storage_63_17.png
1315,Ханты-Мансийский автономный округ - Югра,МНН №269,storage_63_17.png
1316,Ханты-Мансийский автономный округ - Югра,МНН №360,storage_63_19.png
1317,Ханты-Мансийский автономный округ - Югра,МНН №360,storage_63_19.png
1318,Республика Мордовия,МНН №1335,storage_64_0.png
1319,Республика Мордовия,МНН №1335,storage_64_0.png
1320,Республика Мордовия,МНН №4,storage_64_1.png
1321,Республика Мордовия,МНН №4,storage_64_1.png
1322,Республика Мордовия,МНН №1795,storage_64_3.png
1323,Республика Мордовия,МНН №1795,storage_64_3.png
1324,Республика Мордовия,МНН №806,storage_64_4.png
1325,Республика Мордовия,МНН №806,storage_64_4.png
1326,Республика Мордовия,МНН №720,storage_64_5.png
1327,Республика Мордовия,МНН №720,storage_64_5.png
1328,Республика Мордовия,МНН №266,storage_64_11.png
1329,Республика Мордовия,МНН №266,storage_64_11.png
1330,Республика Мордовия,МНН №382,storage_64_12.png
1331,Республика Мордовия,МНН №382,storage_64_12.png
1332,Республика Мордовия,МНН №2200,storage_64_16.png
1333,Республика Мордовия,МНН №2200,storage_64_16.png
1334,Республика Мордовия,МНН №269,storage_64_17.png
1335,Республика Мордовия,МНН №269,storage_64_17.png
1336,Республика Мордовия,МНН №360,storage_64_19.png
1337,Республика Мордовия,МНН №360,storage_64_19.png
1338,Курская область,МНН №1335,storage_65_0.png
1339,Курская область,МНН №1335,storage_65_0.png
1340,Курская область,МНН №4,storage_65_1.png
1341,Курская область,МНН №4,storage_65_1.png
1342,Курская область,МНН №1795,storage_65_3.png
1343,Курская область,МНН №1795,storage_65_3.png
1344,Курская область,МНН №806,storage_65_4.png
1345,Курская область,МНН №806,storage_65_4.png
1346,Курская область,МНН №720,storage_65_5.png
1347,Курская область,МНН №720,storage_65_5.png
1348,Курская область,МНН №138,storage_65_9.png
1349,Курская область,МНН №138,storage_65_9.png
1350,Курская область,МНН №266,storage_65_11.png
1351,Курская область,МНН №266,storage_65_11.png
1352,Курская область,МНН №382,storage_65_12.png
1353,Курская область,МНН №382,storage_65_12.png
1354,Курская область,МНН №1207,storage_65_15.png
1355,Курская область,МНН №1207,storage_65_15.png
1356,Курская область,МНН №2200,storage_65_16.png
1357,Курская область,МНН №2200,storage_65_16.png
1358,Курская область,МНН №269,storage_65_17.png
1359,Курская область,МНН №269,storage_65_17.png
1360,Курская область,МНН №360,storage_65_19.png
1361,Курская область,МНН №360,storage_65_19.png
1362,Сахалинская область,МНН №1335,storage_66_0.png
1363,Сахалинская область,МНН №1335,storage_66_0.png
1364,Сахалинская область,МНН №1132,storage_66_2.png
1365,Сахалинская область,МНН №1132,storage_66_2.png
1366,Сахалинская область,МНН №1795,storage_66_3.png
1367,Сахалинская область,МНН №1795,storage_66_3.png
1368,Сахалинская область,МНН №806,storage_66_4.png
1369,Сахалинская область,МНН №806,storage_66_4.png
1370,Сахалинская область,МНН №720,storage_66_5.png
1371,Сахалинская область,МНН №720,storage_66_5.png
1372,Сахалинская область,МНН №138,storage_66_9.png
1373,Сахалинская область,МНН №138,storage_66_9.png
1374,Сахалинская область,МНН №178,storage_66_10.png
1375,Сахалинская область,МНН №178,storage_66_10.png
1376,Сахалинская область,МНН №266,storage_66_11.png
1377,Сахалинская область,МНН №266,storage_66_11.png
1378,Сахалинская область,МНН №2200,storage_66_16.png
1379,Сахалинская область,МНН №2200,storage_66_16.png
1380,Сахалинская область,МНН №269,storage_66_17.png
1381,Сахалинская область,МНН №269,storage_66_17.png
1382,Сахалинская область,МНН №360,storage_66_19.png
1383,Сахалинская область,МНН №360,storage_66_19.png
1384,Республика Алтай,МНН №1795,storage_68_3.png
1385,Республика Алтай,МНН №1795,storage_68_3.png
1386,Республика Алтай,МНН №806,storage_68_4.png
1387,Республика Алтай,МНН №806,storage_68_4.png
1388,Республика Алтай,МНН №720,storage_68_5.png
1389,Республика Алтай,МНН №720,storage_68_5.png
1390,Республика Алтай,МНН №138,storage_68_9.png
1391,Республика Алтай,МНН №138,storage_68_9.png
1392,Республика Калмыкия,МНН №1335,storage_69_0.png
1393,Республика Калмыкия,МНН №1335,storage_69_0.png
1394,Республика Калмыкия,МНН №1795,storage_69_3.png
1395,Республика Калмыкия,МНН №1795,storage_69_3.png
1396,Республика Калмыкия,МНН №806,storage_69_4.png
1397,Республика Калмыкия,МНН №806,storage_69_4.png
1398,Республика Калмыкия,МНН №720,storage_69_5.png
1399,Республика Калмыкия,МНН №720,storage_69_5.png
1400,Республика Калмыкия,МНН №138,storage_69_9.png
1401,Республика Калмыкия,МНН №138,storage_69_9.png
1402,Республика Калмыкия,МНН №266,storage_69_11.png
1403,Республика Калмыкия,МНН №266,storage_69_11.png
1404,Республика Калмыкия,МНН №382,storage_69_12.png
1405,Республика Калмыкия,МНН №382,storage_69_12.png
1406,Республика Калмыкия,МНН №269,storage_69_17.png
1407,Республика Калмыкия,МНН №269,storage_69_17.png
1408,Республика Калмыкия,МНН №360,storage_69_19.png
1409,Республика Калмыкия,МНН №360,storage_69_19.png
1410,Алтайский край,МНН №1335,storage_70_0.png
1411,Алтайский край,МНН №1335,storage_70_0.png
1412,Алтайский край,МНН №4,storage_70_1.png
1413,Алтайский край,МНН №4,storage_70_1.png
1414,Алтайский край,МНН №1795,storage_70_3.png
1415,Алтайский край,МНН №1795,storage_70_3.png
1416,Алтайский край,МНН №806,storage_70_4.png
1417,Алтайский край,МНН №806,storage_70_4.png
1418,Алтайский край,МНН №720,storage_70_5.png
1419,Алтайский край,МНН №720,storage_70_5.png
1420,Алтайский край,МНН №138,storage_70_9.png
1421,Алтайский край,МНН №138,storage_70_9.png
1422,Алтайский край,МНН №266,storage_70_11.png
1423,Алтайский край,МНН №266,storage_70_11.png
1424,Алтайский край,МНН №382,storage_70_12.png
1425,Алтайский край,МНН №382,storage_70_12.png
1426,Алтайский край,МНН №269,storage_70_17.png
1427,Алтайский край,МНН №269,storage_70_17.png
1428,Алтайский край,МНН №360,storage_70_19.png
1429,Алтайский край,МНН №360,storage_70_19.png
1430,Иркутская область,МНН №1335,storage_71_0.png
1431,Иркутская область,МНН №1335,storage_71_0.png
1432,Иркутская область,МНН №4,storage_71_1.png
1433,Иркутская область,МНН №4,storage_71_1.png
1434,Иркутская область,МНН №1795,storage_71_3.png
1435,Иркутская область,МНН №1795,storage_71_3.png
1436,Иркутская область,МНН №806,storage_71_4.png
1437,Иркутская область,МНН №806,storage_71_4.png
1438,Иркутская область,МНН №720,storage_71_5.png
1439,Иркутская область,МНН №720,storage_71_5.png
1440,Иркутская область,МНН №138,storage_71_9.png
1441,Иркутская область,МНН №138,storage_71_9.png
1442,Иркутская область,МНН №266,storage_71_11.png
1443,Иркутская область,МНН №266,storage_71_11.png
1444,Иркутская область,МНН №382,storage_71_12.png
1445,Иркутская область,МНН №382,storage_71_12.png
1446,Иркутская область,МНН №2200,storage_71_16.png
1447,Иркутская область,МНН №2200,storage_71_16.png
1448,Иркутская область,МНН №269,storage_71_17.png
1449,Иркутская область,МНН №269,storage_71_17.png
1450,Иркутская область,МНН №360,storage_71_19.png
1451,Иркутская область,МНН №360,storage_71_19.png
1452,Свердловская область,МНН №1335,storage_72_0.png
1453,Свердловская область,МНН №1335,storage_72_0.png
1454,Свердловская область,МНН №4,storage_72_1.png
1455,Свердловская область,МНН №4,storage_72_1.png
1456,Свердловская область,МНН №1795,storage_72_3.png
1457,Свердловская область,МНН №1795,storage_72_3.png
1458,Свердловская область,МНН №806,storage_72_4.png
1459,Свердловская область,МНН №806,storage_72_4.png
1460,Свердловская область,МНН №720,storage_72_5.png
1461,Свердловская область,МНН №720,storage_72_5.png
1462,Свердловская область,МНН №138,storage_72_9.png
1463,Свердловская область,МНН №138,storage_72_9.png
1464,Свердловская область,МНН №266,storage_72_11.png
1465,Свердловская область,МНН №266,storage_72_11.png
1466,Свердловская область,МНН №382,storage_72_12.png
1467,Свердловская область,МНН №382,storage_72_12.png
1468,Свердловская область,МНН №269,storage_72_17.png
1469,Свердловская область,МНН №269,storage_72_17.png
1470,Свердловская область,МНН №360,storage_72_19.png
1471,Свердловская область,МНН №360,storage_72_19.png
1472,Смоленская область,МНН №1335,storage_73_0.png
1473,Смоленская область,МНН №1335,storage_73_0.png
1474,Смоленская область,МНН №4,storage_73_1.png
1475,Смоленская область,МНН №4,storage_73_1.png
1476,Смоленская область,МНН №1795,storage_73_3.png
1477,Смоленская область,МНН №1795,storage_73_3.png
1478,Смоленская область,МНН №806,storage_73_4.png
1479,Смоленская область,МНН №806,storage_73_4.png
1480,Смоленская область,МНН №720,storage_73_5.png
1481,Смоленская область,МНН №720,storage_73_5.png
1482,Смоленская область,МНН №138,storage_73_9.png
1483,Смоленская область,МНН №138,storage_73_9.png
1484,Смоленская область,МНН №266,storage_73_11.png
1485,Смоленская область,МНН №266,storage_73_11.png
1486,Смоленская область,МНН №382,storage_73_12.png
1487,Смоленская область,МНН №382,storage_73_12.png
1488,Смоленская область,МНН №2200,storage_73_16.png
1489,Смоленская область,МНН №2200,storage_73_16.png
1490,Смоленская область,МНН №269,storage_73_17.png
1491,Смоленская область,МНН №269,storage_73_17.png
1492,Смоленская область,МНН №360,storage_73_19.png
1493,Смоленская область,МНН №360,storage_73_19.png
1494,Калининградская область,МНН №1335,storage_75_0.png
1495,Калининградская область,МНН №1335,storage_75_0.png
1496,Калининградская область,МНН №4,storage_75_1.png
1497,Калининградская область,МНН №4,storage_75_1.png
1498,Калининградская область,МНН №1795,storage_75_3.png
1499,Калининградская область,МНН №1795,storage_75_3.png
1500,Калининградская область,МНН №806,storage_75_4.png
1501,Калининградская область,МНН №806,storage_75_4.png
1502,Калининградская область,МНН №720,storage_75_5.png
1503,Калининградская область,МНН №720,storage_75_5.png
1504,Калининградская область,МНН №138,storage_75_9.png
1505,Калининградская область,МНН №138,storage_75_9.png
1506,Калининградская область,МНН №178,storage_75_10.png
1507,Калининградская область,МНН №178,storage_75_10.png
1508,Калининградская область,МНН №266,storage_75_11.png
1509,Калининградская область,МНН №266,storage_75_11.png
1510,Калининградская область,МНН №382,storage_75_12.png
1511,Калининградская область,МНН №382,storage_75_12.png
1512,Калининградская область,МНН №269,storage_75_17.png
1513,Калининградская область,МНН №269,storage_75_17.png
1514,Калининградская область,МНН №360,storage_75_19.png
1515,Калининградская область,МНН №360,storage_75_19.png
1516,Новгородская область,МНН №1335,storage_76_0.png
1517,Новгородская область,МНН №1335,storage_76_0.png
1518,Новгородская область,МНН №4,storage_76_1.png
1519,Новгородская область,МНН №4,storage_76_1.png
1520,Новгородская область,МНН №1795,storage_76_3.png
1521,Новгородская область,МНН №1795,storage_76_3.png
1522,Новгородская область,МНН №806,storage_76_4.png
1523,Новгородская область,МНН №806,storage_76_4.png
1524,Новгородская область,МНН №720,storage_76_5.png
1525,Новгородская область,МНН №720,storage_76_5.png
1526,Новгородская область,МНН №138,storage_76_9.png
1527,Новгородская область,МНН №138,storage_76_9.png
1528,Новгородская область,МНН №266,storage_76_11.png
1529,Новгородская область,МНН №266,storage_76_11.png
1530,Новгородская область,МНН №269,storage_76_17.png
1531,Новгородская область,МНН №269,storage_76_17.png
1532,Новгородская область,МНН №360,storage_76_19.png
1533,Новгородская область,МНН №360,storage_76_19.png
1534,Республика Ингушетия,МНН №1335,storage_78_0.png
1535,Республика Ингушетия,МНН №1335,storage_78_0.png
1536,Республика Ингушетия,МНН №4,storage_78_1.png
1537,Республика Ингушетия,МНН №4,storage_78_1.png
1538,Республика Ингушетия,МНН №1795,storage_78_3.png
1539,Республика Ингушетия,МНН №1795,storage_78_3.png
1540,Республика Ингушетия,МНН №806,storage_78_4.png
1541,Республика Ингушетия,МНН №806,storage_78_4.png
1542,Республика Ингушетия,МНН №720,storage_78_5.png
1543,Республика Ингушетия,МНН №720,storage_78_5.png
1544,Республика Ингушетия,МНН №138,storage_78_9.png
1545,Республика Ингушетия,МНН №138,storage_78_9.png
1546,Республика Ингушетия,МНН №382,storage_78_12.png
1547,Республика Ингушетия,МНН №382,storage_78_12.png
1548,Республика Ингушетия,МНН №269,storage_78_17.png
1549,Республика Ингушетия,МНН №269,storage_78_17.png
1550,Республика Ингушетия,МНН №360,storage_78_19.png
1551,Республика Ингушетия,МНН №360,storage_78_19.png
1552,Кабардино-Балкарская республика,МНН №1335,storage_79_0.png
1553,Кабардино-Балкарская республика,МНН №1335,storage_79_0.png
1554,Кабардино-Балкарская республика,МНН №4,storage_79_1.png
1555,Кабардино-Балкарская республика,МНН №4,storage_79_1.png
1556,Кабардино-Балкарская республика,МНН №1795,storage_79_3.png
1557,Кабардино-Балкарская республика,МНН №1795,storage_79_3.png
1558,Кабардино-Балкарская республика,МНН №806,storage_79_4.png
1559,Кабардино-Балкарская республика,МНН №806,storage_79_4.png
1560,Кабардино-Балкарская республика,МНН №720,storage_79_5.png
1561,Кабардино-Балкарская республика,МНН №720,storage_79_5.png
1562,Кабардино-Балкарская республика,МНН №138,storage_79_9.png
1563,Кабардино-Балкарская республика,МНН №138,storage_79_9.png
1564,Кабардино-Балкарская республика,МНН №178,storage_79_10.png
1565,Кабардино-Балкарская республика,МНН №178,storage_79_10.png
1566,Кабардино-Балкарская республика,МНН №266,storage_79_11.png
1567,Кабардино-Балкарская республика,МНН №266,storage_79_11.png
1568,Кабардино-Балкарская республика,МНН №2200,storage_79_16.png
1569,Кабардино-Балкарская республика,МНН №2200,storage_79_16.png
1570,Кабардино-Балкарская республика,МНН №269,storage_79_17.png
1571,Кабардино-Балкарская республика,МНН №269,storage_79_17.png
1572,Кабардино-Балкарская республика,МНН №360,storage_79_19.png
1573,Кабардино-Балкарская республика,МНН №360,storage_79_19.png
1574,Воронежская область,МНН №1335,storage_80_0.png
1575,Воронежская область,МНН №1335,storage_80_0.png
1576,Воронежская область,МНН №4,storage_80_1.png
1577,Воронежская область,МНН №4,storage_80_1.png
1578,Воронежская область,МНН №1132,storage_80_2.png
1579,Воронежская область,МНН №1132,storage_80_2.png
1580,Воронежская область,МНН №1795,storage_80_3.png
1581,Воронежская область,МНН №1795,storage_80_3.png
1582,Воронежская область,МНН №806,storage_80_4.png
1583,Воронежская область,МНН №806,storage_80_4.png
1584,Воронежская область,МНН №720,storage_80_5.png
1585,Воронежская область,МНН №720,storage_80_5.png
1586,Воронежская область,МНН №138,storage_80_9.png
1587,Воронежская область,МНН №138,storage_80_9.png
1588,Воронежская область,МНН №178,storage_80_10.png
1589,Воронежская область,МНН №178,storage_80_10.png
1590,Воронежская область,МНН №266,storage_80_11.png
1591,Воронежская область,МНН №266,storage_80_11.png
1592,Воронежская область,МНН №382,storage_80_12.png
1593,Воронежская область,МНН №382,storage_80_12.png
1594,Воронежская область,МНН №1207,storage_80_15.png
1595,Воронежская область,МНН №1207,storage_80_15.png
1596,Воронежская область,МНН №2200,storage_80_16.png
1597,Воронежская область,МНН №2200,storage_80_16.png
1598,Воронежская область,МНН №269,storage_80_17.png
1599,Воронежская область,МНН №269,storage_80_17.png
1600,Воронежская область,МНН №360,storage_80_19.png
1601,Воронежская область,МНН №360,storage_80_19.png
1602,Ивановская область,МНН №1335,storage_81_0.png
1603,Ивановская область,МНН №1335,storage_81_0.png
1604,Ивановская область,МНН №4,storage_81_1.png
1605,Ивановская область,МНН №4,storage_81_1.png
1606,Ивановская область,МНН №1795,storage_81_3.png
1607,Ивановская область,МНН №1795,storage_81_3.png
1608,Ивановская область,МНН №806,storage_81_4.png
1609,Ивановская область,МНН №806,storage_81_4.png
1610,Ивановская область,МНН №720,storage_81_5.png
1611,Ивановская область,МНН №720,storage_81_5.png
1612,Ивановская область,МНН №138,storage_81_9.png
1613,Ивановская область,МНН №138,storage_81_9.png
1614,Ивановская область,МНН №269,storage_81_17.png
1615,Ивановская область,МНН №269,storage_81_17.png
1616,Ивановская область,МНН №360,storage_81_19.png
1617,Ивановская область,МНН №360,storage_81_19.png
1618,Республика Марий Эл,МНН №138,storage_82_9.png
1619,Республика Марий Эл,МНН №138,storage_82_9.png
1620,Камчатский край,МНН №1335,storage_83_0.png
1621,Камчатский край,МНН №1335,storage_83_0.png
1622,Камчатский край,МНН №1795,storage_83_3.png
1623,Камчатский край,МНН №1795,storage_83_3.png
1624,Камчатский край,МНН №806,storage_83_4.png
1625,Камчатский край,МНН №806,storage_83_4.png
1626,Камчатский край,МНН №720,storage_83_5.png
1627,Камчатский край,МНН №720,storage_83_5.png
1628,Камчатский край,МНН №138,storage_83_9.png
1629,Камчатский край,МНН №138,storage_83_9.png
1630,Камчатский край,МНН №266,storage_83_11.png
1631,Камчатский край,МНН №266,storage_83_11.png
1632,Камчатский край,МНН №382,storage_83_12.png
1633,Камчатский край,МНН №382,storage_83_12.png
1634,Камчатский край,МНН №2200,storage_83_16.png
1635,Камчатский край,МНН №2200,storage_83_16.png
1636,Камчатский край,МНН №269,storage_83_17.png
1637,Камчатский край,МНН №269,storage_83_17.png
1638,Камчатский край,МНН №360,storage_83_19.png
1639,Камчатский край,МНН №360,storage_83_19.png
1640,Тюменская область,МНН №4,storage_84_1.png
1641,Тюменская область,МНН №4,storage_84_1.png
1642,Тюменская область,МНН №1795,storage_84_3.png
1643,Тюменская область,МНН №1795,storage_84_3.png
1644,Тюменская область,МНН №806,storage_84_4.png
1645,Тюменская область,МНН №806,storage_84_4.png
1646,Тюменская область,МНН №720,storage_84_5.png
1647,Тюменская область,МНН №720,storage_84_5.png
1648,Тюменская область,МНН №138,storage_84_9.png
1649,Тюменская область,МНН №138,storage_84_9.png
1650,Тюменская область,МНН №266,storage_84_11.png
1651,Тюменская область,МНН №266,storage_84_11.png
1652,Тюменская область,МНН №1207,storage_84_15.png
1653,Тюменская область,МНН №1207,storage_84_15.png
1654,Тюменская область,МНН №269,storage_84_17.png
1655,Тюменская область,МНН №269,storage_84_17.png
1656,Тюменская область,МНН №360,storage_84_19.png
1657,Тюменская область,МНН №360,storage_84_19.png
